F1,Zip,City,Units Sold,Median Price,Year,County
1,84006,Copperton,4,,2003,Salt Lake
2,84009,South Jordan,0,,2003,Salt Lake
3,84020,Draper,141,"$253,000 ",2003,Salt Lake
4,84044,Magna,118,"$109,500 ",2003,Salt Lake
5,84047,Midvale,47,"$153,000 ",2003,Salt Lake
6,84065,Riverton,172,"$190,850 ",2003,Salt Lake
7,84070,Sandy,54,"$143,700 ",2003,Salt Lake
8,84081,West Jordan,0,,2003,Salt Lake
9,84084,West Jordan,178,"$146,450 ",2003,Salt Lake
10,84088,West Jordan,184,"$173,950 ",2003,Salt Lake
11,84092,Sandy,120,"$250,000 ",2003,Salt Lake
12,84093,Sandy,81,"$205,000 ",2003,Salt Lake
13,84094,Sandy,89,"$165,000 ",2003,Salt Lake
14,84095,South Jordan,125,"$239,000 ",2003,Salt Lake
15,84096,Herriman,0,,2003,Salt Lake
16,84101,Salt Lake City,6,"$64,500 ",2003,Salt Lake
17,84102,Salt Lake City,37,"$155,000 ",2003,Salt Lake
18,84103,Salt Lake City,68,"$239,950 ",2003,Salt Lake
19,84104,Salt Lake City,74,"$75,755 ",2003,Salt Lake
20,84105,Salt Lake City,104,"$184,200 ",2003,Salt Lake
21,84106,Salt Lake City,111,"$165,000 ",2003,Salt Lake
22,84107,Murray,59,"$141,000 ",2003,Salt Lake
23,84108,Salt Lake City,38,"$284,500 ",2003,Salt Lake
24,84109,Salt Lake City,64,"$213,950 ",2003,Salt Lake
25,84111,Salt Lake City,19,"$105,800 ",2003,Salt Lake
26,84115,South Salt Lake,66,"$108,500 ",2003,Salt Lake
27,84116,Salt Lake City,99,"$113,400 ",2003,Salt Lake
28,84117,Holladay,42,"$247,500 ",2003,Salt Lake
29,84118,Kearns,267,"$124,500 ",2003,Salt Lake
30,84119,West Valley City,113,"$124,900 ",2003,Salt Lake
31,84120,West Valley City,144,"$128,350 ",2003,Salt Lake
32,84121,Cottonwood,116,"$208,700 ",2003,Salt Lake
33,84123,Taylorsville,72,"$161,482 ",2003,Salt Lake
34,84124,Holladay,37,"$225,000 ",2003,Salt Lake
35,84128,West Valley,100,"$135,000 ",2003,Salt Lake
36,84129,Taylorsville,0,,2003,Salt Lake
37,84010,Bountiful,76,"$182,750 ",2003,Davis
38,84014,Centerville,25,"$171,000 ",2003,Davis
39,84015,Clearfield,201,"$123,500 ",2003,Davis
40,84025,Farmington,32,"$182,250 ",2003,Davis
41,84037,Kaysville,61,"$176,000 ",2003,Davis
42,84040,Layton,80,"$160,687 ",2003,Davis
43,84041,Layton,108,"$135,300 ",2003,Davis
44,84054,North Salt Lake,20,"$332,900 ",2003,Davis
45,84075,Syracuse,86,"$168,854 ",2003,Davis
46,84087,Woods Cross,31,"$159,500 ",2003,Davis
47,84067,Roy,160,"$122,000 ",2003,Weber
48,84310,Eden,16,"$210,000 ",2003,Weber
49,84315,Hooper,16,"$163,975 ",2003,Weber
50,84317,Huntsville,6,"$167,250 ",2003,Weber
51,84401,Marriott/Slaterville,112,"$77,575 ",2003,Weber
52,84403,South Ogden,160,"$101,545 ",2003,Weber
53,84404,Farr West/Harrisville,183,"$110,000 ",2003,Weber
54,84405,Riverdale/Ogden,98,"$127,450 ",2003,Weber
55,84414,North Ogden,77,"$155,000 ",2003,Weber
56,84022,Dugway,0,,2003,Tooele
57,84029,Grantsville,17,"$107,000 ",2003,Tooele
58,84071,Rush Valley,3,,2003,Tooele
59,84074,Tooele,167,"$118,575 ",2003,Tooele
60,84003,American Fork,99,"$190,000 ",2003,Utah
61,84004,Alpine,18,"$415,000 ",2003,Utah
62,84042,Lindon,15,"$269,125 ",2003,Utah
63,84043,Lehi,162,"$149,900 ",2003,Utah
64,84057,Orem,53,"$142,000 ",2003,Utah
65,84058,Orem,47,"$148,500 ",2003,Utah
66,84062,Pleasant Grove,81,"$175,000 ",2003,Utah
67,84097,Orem,35,"$177,000 ",2003,Utah
68,84601,Provo,70,"$134,750 ",2003,Utah
69,84604,Provo,33,"$179,900 ",2003,Utah
70,84606,Provo,32,"$137,000 ",2003,Utah
71,84626,Elberta,0,,2003,Utah
72,84633,Goshen,0,,2003,Utah
73,84645,Mona,0,,2003,Utah
74,84651,Payson,79,"$143,900 ",2003,Utah
75,84653,Salem,17,"$145,000 ",2003,Utah
76,84655,Santaquin,20,"$128,825 ",2003,Utah
77,84660,Spanish Fork,88,"$138,200 ",2003,Utah
78,84663,Springville,51,"$143,500 ",2003,Utah
79,84664,Mapleton,8,"$192,457 ",2003,Utah
80,84006,Copperton,4,,2004,Salt Lake
81,84009,South Jordan,0,,2004,Salt Lake
82,84020,Draper,139,"$320,000 ",2004,Salt Lake
83,84044,Magna,132,"$114,000 ",2004,Salt Lake
84,84047,Midvale,66,"$154,500 ",2004,Salt Lake
85,84065,Riverton,177,"$207,000 ",2004,Salt Lake
86,84070,Sandy,70,"$161,064 ",2004,Salt Lake
87,84081,West Jordan,0,,2004,Salt Lake
88,84084,West Jordan,213,"$150,000 ",2004,Salt Lake
89,84088,West Jordan,197,"$188,390 ",2004,Salt Lake
90,84092,Sandy,115,"$250,000 ",2004,Salt Lake
91,84093,Sandy,85,"$237,500 ",2004,Salt Lake
92,84094,Sandy,92,"$174,500 ",2004,Salt Lake
93,84095,South Jordan,119,"$265,900 ",2004,Salt Lake
94,84096,Herriman,0,,2004,Salt Lake
95,84101,Salt Lake City,3,,2004,Salt Lake
96,84102,Salt Lake City,23,"$157,000 ",2004,Salt Lake
97,84103,Salt Lake City,63,"$320,650 ",2004,Salt Lake
98,84104,Salt Lake City,71,"$95,000 ",2004,Salt Lake
99,84105,Salt Lake City,94,"$193,223 ",2004,Salt Lake
100,84106,Salt Lake City,96,"$177,500 ",2004,Salt Lake
101,84107,Murray,34,"$158,950 ",2004,Salt Lake
102,84108,Salt Lake City,67,"$307,216 ",2004,Salt Lake
103,84109,Salt Lake City,58,"$238,000 ",2004,Salt Lake
104,84111,Salt Lake City,19,"$103,000 ",2004,Salt Lake
105,84115,South Salt Lake,87,"$125,000 ",2004,Salt Lake
106,84116,Salt Lake City,121,"$114,000 ",2004,Salt Lake
107,84117,Holladay,55,"$220,000 ",2004,Salt Lake
108,84118,Kearns,314,"$129,250 ",2004,Salt Lake
109,84119,West Valley City,122,"$128,950 ",2004,Salt Lake
110,84120,West Valley City,189,"$131,500 ",2004,Salt Lake
111,84121,Cottonwood,108,"$230,500 ",2004,Salt Lake
112,84123,Taylorsville,60,"$156,900 ",2004,Salt Lake
113,84124,Holladay,73,"$234,900 ",2004,Salt Lake
114,84128,West Valley,106,"$144,150 ",2004,Salt Lake
115,84129,Taylorsville,0,,2004,Salt Lake
116,84010,Bountiful,74,"$171,250 ",2004,Davis
117,84014,Centerville,36,"$199,950 ",2004,Davis
118,84015,Clearfield,239,"$130,000 ",2004,Davis
119,84025,Farmington,42,"$225,000 ",2004,Davis
120,84037,Kaysville,63,"$199,500 ",2004,Davis
121,84040,Layton,66,"$174,000 ",2004,Davis
122,84041,Layton,138,"$137,000 ",2004,Davis
123,84054,North Salt Lake,36,"$292,450 ",2004,Davis
124,84075,Syracuse,97,"$184,000 ",2004,Davis
125,84087,Woods Cross,42,"$174,495 ",2004,Davis
126,84067,Roy,169,"$126,900 ",2004,Weber
127,84310,Eden,18,"$245,250 ",2004,Weber
128,84315,Hooper,20,"$215,000 ",2004,Weber
129,84317,Huntsville,8,"$303,000 ",2004,Weber
130,84401,Marriott/Slaterville,98,"$94,382 ",2004,Weber
131,84403,South Ogden,154,"$119,900 ",2004,Weber
132,84404,Farr West/Harrisville,211,"$123,350 ",2004,Weber
133,84405,Riverdale/Ogden,85,"$143,000 ",2004,Weber
134,84414,North Ogden,94,"$155,899 ",2004,Weber
135,84022,Dugway,0,,2004,Tooele
136,84029,Grantsville,24,"$124,950 ",2004,Tooele
137,84071,Rush Valley,5,"$157,000 ",2004,Tooele
138,84074,Tooele,181,"$126,000 ",2004,Tooele
139,84003,American Fork,97,"$245,000 ",2004,Utah
140,84004,Alpine,17,"$401,500 ",2004,Utah
141,84042,Lindon,25,"$223,000 ",2004,Utah
142,84043,Lehi,227,"$165,830 ",2004,Utah
143,84057,Orem,84,"$157,000 ",2004,Utah
144,84058,Orem,50,"$151,050 ",2004,Utah
145,84062,Pleasant Grove,100,"$186,250 ",2004,Utah
146,84097,Orem,37,"$176,900 ",2004,Utah
147,84601,Provo,66,"$131,000 ",2004,Utah
148,84604,Provo,57,"$230,000 ",2004,Utah
149,84606,Provo,32,"$150,075 ",2004,Utah
150,84626,Elberta,0,,2004,Utah
151,84633,Goshen,0,,2004,Utah
152,84645,Mona,0,,2004,Utah
153,84651,Payson,79,"$145,900 ",2004,Utah
154,84653,Salem,19,"$212,700 ",2004,Utah
155,84655,Santaquin,17,"$138,935 ",2004,Utah
156,84660,Spanish Fork,97,"$147,500 ",2004,Utah
157,84663,Springville,77,"$141,900 ",2004,Utah
158,84664,Mapleton,12,"$230,500 ",2004,Utah
159,84006,Copperton,3,,2005,Salt Lake
160,84009,South Jordan,0,,2005,Salt Lake
161,84020,Draper,203,"$339,000 ",2005,Salt Lake
162,84044,Magna,135,"$126,900 ",2005,Salt Lake
163,84047,Midvale,64,"$177,400 ",2005,Salt Lake
164,84065,Riverton,268,"$242,000 ",2005,Salt Lake
165,84070,Sandy,75,"$186,900 ",2005,Salt Lake
166,84081,West Jordan,0,,2005,Salt Lake
167,84084,West Jordan,253,"$179,500 ",2005,Salt Lake
168,84088,West Jordan,212,"$214,950 ",2005,Salt Lake
169,84092,Sandy,134,"$297,450 ",2005,Salt Lake
170,84093,Sandy,75,"$284,900 ",2005,Salt Lake
171,84094,Sandy,115,"$201,500 ",2005,Salt Lake
172,84095,South Jordan,163,"$314,600 ",2005,Salt Lake
173,84096,Herriman,0,,2005,Salt Lake
174,84101,Salt Lake City,5,"$97,747 ",2005,Salt Lake
175,84102,Salt Lake City,46,"$185,000 ",2005,Salt Lake
176,84103,Salt Lake City,79,"$350,000 ",2005,Salt Lake
177,84104,Salt Lake City,75,"$110,000 ",2005,Salt Lake
178,84105,Salt Lake City,107,"$236,500 ",2005,Salt Lake
179,84106,Salt Lake City,127,"$210,000 ",2005,Salt Lake
180,84107,Murray,63,"$203,500 ",2005,Salt Lake
181,84108,Salt Lake City,65,"$328,900 ",2005,Salt Lake
182,84109,Salt Lake City,71,"$252,000 ",2005,Salt Lake
183,84111,Salt Lake City,23,"$133,000 ",2005,Salt Lake
184,84115,South Salt Lake,100,"$142,625 ",2005,Salt Lake
185,84116,Salt Lake City,122,"$130,000 ",2005,Salt Lake
186,84117,Holladay,53,"$255,000 ",2005,Salt Lake
187,84118,Kearns,305,"$147,000 ",2005,Salt Lake
188,84119,West Valley City,147,"$135,900 ",2005,Salt Lake
189,84120,West Valley City,173,"$152,000 ",2005,Salt Lake
190,84121,Cottonwood,137,"$270,000 ",2005,Salt Lake
191,84123,Taylorsville,72,"$180,000 ",2005,Salt Lake
192,84124,Holladay,66,"$300,250 ",2005,Salt Lake
193,84128,West Valley,119,"$155,900 ",2005,Salt Lake
194,84129,Taylorsville,0,,2005,Salt Lake
195,84010,Bountiful,99,"$229,500 ",2005,Davis
196,84014,Centerville,26,"$261,500 ",2005,Davis
197,84015,Clearfield,303,"$148,000 ",2005,Davis
198,84025,Farmington,48,"$251,000 ",2005,Davis
199,84037,Kaysville,79,"$229,500 ",2005,Davis
200,84040,Layton,87,"$198,000 ",2005,Davis
201,84041,Layton,182,"$163,818 ",2005,Davis
202,84054,North Salt Lake,41,"$320,000 ",2005,Davis
203,84075,Syracuse,117,"$213,000 ",2005,Davis
204,84087,Woods Cross,43,"$184,900 ",2005,Davis
205,84067,Roy,197,"$139,500 ",2005,Weber
206,84310,Eden,25,"$389,000 ",2005,Weber
207,84315,Hooper,28,"$238,500 ",2005,Weber
208,84317,Huntsville,7,"$490,500 ",2005,Weber
209,84401,Marriott/Slaterville,129,"$108,500 ",2005,Weber
210,84403,South Ogden,148,"$119,950 ",2005,Weber
211,84404,Farr West/Harrisville,245,"$121,900 ",2005,Weber
212,84405,Riverdale/Ogden,100,"$142,315 ",2005,Weber
213,84414,North Ogden,93,"$182,500 ",2005,Weber
214,84022,Dugway,0,,2005,Tooele
215,84029,Grantsville,29,"$162,000 ",2005,Tooele
216,84071,Rush Valley,3,,2005,Tooele
217,84074,Tooele,221,"$144,000 ",2005,Tooele
218,84003,American Fork,108,"$239,950 ",2005,Utah
219,84004,Alpine,26,"$547,950 ",2005,Utah
220,84042,Lindon,26,"$322,450 ",2005,Utah
221,84043,Lehi,324,"$189,162 ",2005,Utah
222,84057,Orem,75,"$164,800 ",2005,Utah
223,84058,Orem,49,"$174,300 ",2005,Utah
224,84062,Pleasant Grove,125,"$250,000 ",2005,Utah
225,84097,Orem,39,"$180,000 ",2005,Utah
226,84601,Provo,99,"$152,000 ",2005,Utah
227,84604,Provo,76,"$202,450 ",2005,Utah
228,84606,Provo,42,"$171,603 ",2005,Utah
229,84626,Elberta,0,,2005,Utah
230,84633,Goshen,0,,2005,Utah
231,84645,Mona,0,,2005,Utah
232,84651,Payson,81,"$157,000 ",2005,Utah
233,84653,Salem,20,"$257,227 ",2005,Utah
234,84655,Santaquin,28,"$142,450 ",2005,Utah
235,84660,Spanish Fork,98,"$174,800 ",2005,Utah
236,84663,Springville,100,"$169,950 ",2005,Utah
237,84664,Mapleton,11,"$300,000 ",2005,Utah
238,84006,Copperton,4,,2006,Salt Lake
239,84009,South Jordan,0,,2006,Salt Lake
240,84020,Draper,180,"$399,500 ",2006,Salt Lake
241,84044,Magna,132,"$154,450 ",2006,Salt Lake
242,84047,Midvale,65,"$219,900 ",2006,Salt Lake
243,84065,Riverton,224,"$312,500 ",2006,Salt Lake
244,84070,Sandy,89,"$217,000 ",2006,Salt Lake
245,84081,West Jordan,0,,2006,Salt Lake
246,84084,West Jordan,244,"$214,250 ",2006,Salt Lake
247,84088,West Jordan,197,"$255,000 ",2006,Salt Lake
248,84092,Sandy,109,"$378,035 ",2006,Salt Lake
249,84093,Sandy,68,"$314,775 ",2006,Salt Lake
250,84094,Sandy,109,"$242,000 ",2006,Salt Lake
251,84095,South Jordan,172,"$362,275 ",2006,Salt Lake
252,84096,Herriman,53,"$308,000 ",2006,Salt Lake
253,84101,Salt Lake City,8,"$138,100 ",2006,Salt Lake
254,84102,Salt Lake City,21,"$264,000 ",2006,Salt Lake
255,84103,Salt Lake City,54,"$388,750 ",2006,Salt Lake
256,84104,Salt Lake City,72,"$129,950 ",2006,Salt Lake
257,84105,Salt Lake City,103,"$303,000 ",2006,Salt Lake
258,84106,Salt Lake City,118,"$256,150 ",2006,Salt Lake
259,84107,Murray,57,"$206,550 ",2006,Salt Lake
260,84108,Salt Lake City,53,"$395,000 ",2006,Salt Lake
261,84109,Salt Lake City,66,"$338,950 ",2006,Salt Lake
262,84111,Salt Lake City,21,"$185,000 ",2006,Salt Lake
263,84115,South Salt Lake,58,"$180,706 ",2006,Salt Lake
264,84116,Salt Lake City,117,"$151,000 ",2006,Salt Lake
265,84117,Holladay,44,"$379,500 ",2006,Salt Lake
266,84118,Kearns,322,"$179,900 ",2006,Salt Lake
267,84119,West Valley City,132,"$175,000 ",2006,Salt Lake
268,84120,West Valley City,169,"$175,000 ",2006,Salt Lake
269,84121,Cottonwood,115,"$305,000 ",2006,Salt Lake
270,84123,Taylorsville,68,"$217,250 ",2006,Salt Lake
271,84124,Holladay,78,"$348,750 ",2006,Salt Lake
272,84128,West Valley,142,"$193,450 ",2006,Salt Lake
273,84129,Taylorsville,0,,2006,Salt Lake
274,84010,Bountiful,80,"$254,200 ",2006,Davis
275,84014,Centerville,29,"$258,000 ",2006,Davis
276,84015,Clearfield,272,"$173,950 ",2006,Davis
277,84025,Farmington,49,"$306,000 ",2006,Davis
278,84037,Kaysville,85,"$334,900 ",2006,Davis
279,84040,Layton,93,"$239,900 ",2006,Davis
280,84041,Layton,197,"$195,000 ",2006,Davis
281,84054,North Salt Lake,48,"$337,004 ",2006,Davis
282,84075,Syracuse,125,"$234,900 ",2006,Davis
283,84087,Woods Cross,40,"$235,000 ",2006,Davis
284,84067,Roy,195,"$156,000 ",2006,Weber
285,84310,Eden,11,"$450,000 ",2006,Weber
286,84315,Hooper,27,"$249,006 ",2006,Weber
287,84317,Huntsville,6,"$405,000 ",2006,Weber
288,84401,Marriott/Slaterville,178,"$119,950 ",2006,Weber
289,84403,South Ogden,152,"$124,250 ",2006,Weber
290,84404,Farr West/Harrisville,276,"$137,750 ",2006,Weber
291,84405,Riverdale/Ogden,100,"$170,000 ",2006,Weber
292,84414,North Ogden,96,"$210,500 ",2006,Weber
293,84022,Dugway,0,,2006,Tooele
294,84029,Grantsville,32,"$198,304 ",2006,Tooele
295,84071,Rush Valley,3,,2006,Tooele
296,84074,Tooele,228,"$174,650 ",2006,Tooele
297,84003,American Fork,104,"$297,000 ",2006,Utah
298,84004,Alpine,17,"$585,000 ",2006,Utah
299,84042,Lindon,13,"$369,990 ",2006,Utah
300,84043,Lehi,263,"$259,900 ",2006,Utah
301,84057,Orem,84,"$192,000 ",2006,Utah
302,84058,Orem,51,"$219,900 ",2006,Utah
303,84062,Pleasant Grove,96,"$290,095 ",2006,Utah
304,84097,Orem,40,"$273,750 ",2006,Utah
305,84601,Provo,88,"$178,750 ",2006,Utah
306,84604,Provo,45,"$287,000 ",2006,Utah
307,84606,Provo,31,"$197,500 ",2006,Utah
308,84626,Elberta,0,,2006,Utah
309,84633,Goshen,0,,2006,Utah
310,84645,Mona,0,,2006,Utah
311,84651,Payson,81,"$195,000 ",2006,Utah
312,84653,Salem,18,"$319,700 ",2006,Utah
313,84655,Santaquin,43,"$205,000 ",2006,Utah
314,84660,Spanish Fork,137,"$208,000 ",2006,Utah
315,84663,Springville,86,"$186,250 ",2006,Utah
316,84664,Mapleton,17,"$342,334 ",2006,Utah
317,84006,Copperton,0,,2007,Salt Lake
318,84009,South Jordan,0,,2007,Salt Lake
319,84020,Draper,91,"$420,000 ",2007,Salt Lake
320,84044,Magna,111,"$170,000 ",2007,Salt Lake
321,84047,Midvale,45,"$221,900 ",2007,Salt Lake
322,84065,Riverton,62,"$325,000 ",2007,Salt Lake
323,84070,Sandy,35,"$220,000 ",2007,Salt Lake
324,84081,West Jordan,0,,2007,Salt Lake
325,84084,West Jordan,148,"$221,000 ",2007,Salt Lake
326,84088,West Jordan,122,"$264,750 ",2007,Salt Lake
327,84092,Sandy,73,"$410,000 ",2007,Salt Lake
328,84093,Sandy,50,"$362,000 ",2007,Salt Lake
329,84094,Sandy,74,"$247,250 ",2007,Salt Lake
330,84095,South Jordan,99,"$338,988 ",2007,Salt Lake
331,84096,Herriman,69,"$292,900 ",2007,Salt Lake
332,84101,Salt Lake City,2,,2007,Salt Lake
333,84102,Salt Lake City,15,"$265,000 ",2007,Salt Lake
334,84103,Salt Lake City,35,"$402,550 ",2007,Salt Lake
335,84104,Salt Lake City,69,"$138,000 ",2007,Salt Lake
336,84105,Salt Lake City,73,"$283,900 ",2007,Salt Lake
337,84106,Salt Lake City,76,"$261,500 ",2007,Salt Lake
338,84107,Murray,35,"$225,000 ",2007,Salt Lake
339,84108,Salt Lake City,36,"$382,500 ",2007,Salt Lake
340,84109,Salt Lake City,29,"$283,000 ",2007,Salt Lake
341,84111,Salt Lake City,18,"$178,400 ",2007,Salt Lake
342,84115,South Salt Lake,59,"$179,000 ",2007,Salt Lake
343,84116,Salt Lake City,74,"$169,950 ",2007,Salt Lake
344,84117,Holladay,32,"$404,000 ",2007,Salt Lake
345,84118,Kearns,202,"$185,000 ",2007,Salt Lake
346,84119,West Valley City,83,"$192,000 ",2007,Salt Lake
347,84120,West Valley City,97,"$185,900 ",2007,Salt Lake
348,84121,Cottonwood,81,"$298,900 ",2007,Salt Lake
349,84123,Taylorsville,50,"$252,450 ",2007,Salt Lake
350,84124,Holladay,33,"$352,500 ",2007,Salt Lake
351,84128,West Valley,66,"$204,625 ",2007,Salt Lake
352,84129,Taylorsville,0,,2007,Salt Lake
353,84010,Bountiful,59,"$285,900 ",2007,Davis
354,84014,Centerville,21,"$272,000 ",2007,Davis
355,84015,Clearfield,180,"$184,650 ",2007,Davis
356,84025,Farmington,33,"$263,000 ",2007,Davis
357,84037,Kaysville,52,"$269,000 ",2007,Davis
358,84040,Layton,60,"$246,250 ",2007,Davis
359,84041,Layton,157,"$200,500 ",2007,Davis
360,84054,North Salt Lake,38,"$253,282 ",2007,Davis
361,84075,Syracuse,79,"$250,000 ",2007,Davis
362,84087,Woods Cross,32,"$231,250 ",2007,Davis
363,84067,Roy,121,"$167,200 ",2007,Weber
364,84310,Eden,9,"$330,000 ",2007,Weber
365,84315,Hooper,25,"$293,941 ",2007,Weber
366,84317,Huntsville,4,,2007,Weber
367,84401,Marriott/Slaterville,111,"$149,000 ",2007,Weber
368,84403,South Ogden,99,"$140,000 ",2007,Weber
369,84404,Farr West/Harrisville,191,"$159,000 ",2007,Weber
370,84405,Riverdale/Ogden,65,"$163,725 ",2007,Weber
371,84414,North Ogden,1,,2007,Weber
372,84022,Dugway,0,,2007,Tooele
373,84029,Grantsville,35,"$202,989 ",2007,Tooele
374,84071,Rush Valley,4,,2007,Tooele
375,84074,Tooele,148,"$190,000 ",2007,Tooele
376,84003,American Fork,63,"$275,000 ",2007,Utah
377,84004,Alpine,6,"$549,150 ",2007,Utah
378,84042,Lindon,11,"$303,000 ",2007,Utah
379,84043,Lehi,125,"$299,500 ",2007,Utah
380,84057,Orem,39,"$228,000 ",2007,Utah
381,84058,Orem,24,"$220,000 ",2007,Utah
382,84062,Pleasant Grove,52,"$266,000 ",2007,Utah
383,84097,Orem,21,"$309,000 ",2007,Utah
384,84601,Provo,47,"$186,000 ",2007,Utah
385,84604,Provo,25,"$283,000 ",2007,Utah
386,84606,Provo,21,"$210,000 ",2007,Utah
387,84626,Elberta,0,,2007,Utah
388,84633,Goshen,0,,2007,Utah
389,84645,Mona,0,,2007,Utah
390,84651,Payson,42,"$205,658 ",2007,Utah
391,84653,Salem,9,"$205,000 ",2007,Utah
392,84655,Santaquin,28,"$232,450 ",2007,Utah
393,84660,Spanish Fork,81,"$212,000 ",2007,Utah
394,84663,Springville,48,"$199,950 ",2007,Utah
395,84664,Mapleton,10,"$285,000 ",2007,Utah
396,84006,Copperton,1,,2008,Salt Lake
397,84009,South Jordan,0,,2008,Salt Lake
398,84020,Draper,85,"$373,000 ",2008,Salt Lake
399,84044,Magna,56,"$162,250 ",2008,Salt Lake
400,84047,Midvale,33,"$208,900 ",2008,Salt Lake
401,84065,Riverton,100,"$319,000 ",2008,Salt Lake
402,84070,Sandy,35,"$216,000 ",2008,Salt Lake
403,84081,West Jordan,0,,2008,Salt Lake
404,84084,West Jordan,90,"$215,000 ",2008,Salt Lake
405,84088,West Jordan,83,"$240,500 ",2008,Salt Lake
406,84092,Sandy,59,"$340,000 ",2008,Salt Lake
407,84093,Sandy,47,"$282,500 ",2008,Salt Lake
408,84094,Sandy,36,"$238,500 ",2008,Salt Lake
409,84095,South Jordan,121,"$331,000 ",2008,Salt Lake
410,84096,Herriman,104,"$283,000 ",2008,Salt Lake
411,84101,Salt Lake City,0,,2008,Salt Lake
412,84102,Salt Lake City,17,"$275,000 ",2008,Salt Lake
413,84103,Salt Lake City,36,"$338,450 ",2008,Salt Lake
414,84104,Salt Lake City,38,"$139,900 ",2008,Salt Lake
415,84105,Salt Lake City,50,"$268,000 ",2008,Salt Lake
416,84106,Salt Lake City,62,"$237,000 ",2008,Salt Lake
417,84107,Murray,35,"$215,000 ",2008,Salt Lake
418,84108,Salt Lake City,38,"$392,000 ",2008,Salt Lake
419,84109,Salt Lake City,52,"$267,400 ",2008,Salt Lake
420,84111,Salt Lake City,13,"$169,744 ",2008,Salt Lake
421,84115,South Salt Lake,44,"$168,750 ",2008,Salt Lake
422,84116,Salt Lake City,38,"$169,950 ",2008,Salt Lake
423,84117,Holladay,28,"$287,500 ",2008,Salt Lake
424,84118,Kearns,128,"$179,400 ",2008,Salt Lake
425,84119,West Valley City,51,"$159,900 ",2008,Salt Lake
426,84120,West Valley City,67,"$171,000 ",2008,Salt Lake
427,84121,Cottonwood,60,"$274,950 ",2008,Salt Lake
428,84123,Taylorsville,35,"$234,800 ",2008,Salt Lake
429,84124,Holladay,24,"$397,500 ",2008,Salt Lake
430,84128,West Valley,64,"$201,250 ",2008,Salt Lake
431,84129,Taylorsville,0,,2008,Salt Lake
432,84010,Bountiful,58,"$238,250 ",2008,Davis
433,84014,Centerville,26,"$286,750 ",2008,Davis
434,84015,Clearfield,161,"$172,500 ",2008,Davis
435,84025,Farmington,24,"$287,000 ",2008,Davis
436,84037,Kaysville,55,"$268,000 ",2008,Davis
437,84040,Layton,46,"$209,000 ",2008,Davis
438,84041,Layton,107,"$195,000 ",2008,Davis
439,84054,North Salt Lake,33,"$239,000 ",2008,Davis
440,84075,Syracuse,61,"$235,000 ",2008,Davis
441,84087,Woods Cross,28,"$219,000 ",2008,Davis
442,84067,Roy,114,"$159,000 ",2008,Weber
443,84310,Eden,3,,2008,Weber
444,84315,Hooper,20,"$252,800 ",2008,Weber
445,84317,Huntsville,4,,2008,Weber
446,84401,Marriott/Slaterville,93,"$153,000 ",2008,Weber
447,84403,South Ogden,84,"$135,000 ",2008,Weber
448,84404,Farr West/Harrisville,129,"$159,000 ",2008,Weber
449,84405,Riverdale/Ogden,42,"$185,500 ",2008,Weber
450,84414,North Ogden,76,"$228,600 ",2008,Weber
451,84022,Dugway,0,,2008,Tooele
452,84029,Grantsville,21,"$210,000 ",2008,Tooele
453,84071,Rush Valley,1,,2008,Tooele
454,84074,Tooele,90,"$181,450 ",2008,Tooele
455,84003,American Fork,71,"$340,000 ",2008,Utah
456,84004,Alpine,11,"$490,000 ",2008,Utah
457,84042,Lindon,15,"$315,000 ",2008,Utah
458,84043,Lehi,134,"$237,000 ",2008,Utah
459,84057,Orem,36,"$201,569 ",2008,Utah
460,84058,Orem,29,"$215,000 ",2008,Utah
461,84062,Pleasant Grove,60,"$265,900 ",2008,Utah
462,84097,Orem,32,"$265,800 ",2008,Utah
463,84601,Provo,31,"$186,000 ",2008,Utah
464,84604,Provo,28,"$237,450 ",2008,Utah
465,84606,Provo,31,"$197,000 ",2008,Utah
466,84626,Elberta,0,,2008,Utah
467,84633,Goshen,0,,2008,Utah
468,84645,Mona,0,,2008,Utah
469,84651,Payson,39,"$190,000 ",2008,Utah
470,84653,Salem,8,"$260,000 ",2008,Utah
471,84655,Santaquin,17,"$189,900 ",2008,Utah
472,84660,Spanish Fork,67,"$187,900 ",2008,Utah
473,84663,Springville,43,"$192,000 ",2008,Utah
474,84664,Mapleton,9,"$300,000 ",2008,Utah
475,84006,Copperton,1,,2009,Salt Lake
476,84009,South Jordan,0,,2009,Salt Lake
477,84020,Draper,135,"$324,900 ",2009,Salt Lake
478,84044,Magna,93,"$154,900 ",2009,Salt Lake
479,84047,Midvale,71,"$198,895 ",2009,Salt Lake
480,84065,Riverton,110,"$289,250 ",2009,Salt Lake
481,84070,Sandy,48,"$199,000 ",2009,Salt Lake
482,84081,West Jordan,0,,2009,Salt Lake
483,84084,West Jordan,114,"$191,750 ",2009,Salt Lake
484,84088,West Jordan,111,"$227,600 ",2009,Salt Lake
485,84092,Sandy,80,"$277,450 ",2009,Salt Lake
486,84093,Sandy,48,"$286,500 ",2009,Salt Lake
487,84094,Sandy,71,"$225,000 ",2009,Salt Lake
488,84095,South Jordan,151,"$283,545 ",2009,Salt Lake
489,84096,Herriman,148,"$262,500 ",2009,Salt Lake
490,84101,Salt Lake City,2,,2009,Salt Lake
491,84102,Salt Lake City,26,"$226,000 ",2009,Salt Lake
492,84103,Salt Lake City,51,"$360,000 ",2009,Salt Lake
493,84104,Salt Lake City,50,"$128,000 ",2009,Salt Lake
494,84105,Salt Lake City,61,"$257,000 ",2009,Salt Lake
495,84106,Salt Lake City,80,"$224,450 ",2009,Salt Lake
496,84107,Murray,28,"$189,250 ",2009,Salt Lake
497,84108,Salt Lake City,49,"$369,000 ",2009,Salt Lake
498,84109,Salt Lake City,60,"$285,750 ",2009,Salt Lake
499,84111,Salt Lake City,16,"$183,500 ",2009,Salt Lake
500,84115,South Salt Lake,46,"$145,950 ",2009,Salt Lake
501,84116,Salt Lake City,59,"$154,900 ",2009,Salt Lake
502,84117,Holladay,31,"$358,500 ",2009,Salt Lake
503,84118,Kearns,195,"$171,777 ",2009,Salt Lake
504,84119,West Valley City,77,"$161,000 ",2009,Salt Lake
505,84120,West Valley City,92,"$160,000 ",2009,Salt Lake
506,84121,Cottonwood,100,"$309,500 ",2009,Salt Lake
507,84123,Taylorsville,58,"$205,500 ",2009,Salt Lake
508,84124,Holladay,51,"$300,000 ",2009,Salt Lake
509,84128,West Valley,90,"$175,250 ",2009,Salt Lake
510,84129,Taylorsville,0,,2009,Salt Lake
511,84010,Bountiful,80,"$221,050 ",2009,Davis
512,84014,Centerville,28,"$254,000 ",2009,Davis
513,84015,Clearfield,202,"$166,000 ",2009,Davis
514,84025,Farmington,44,"$241,625 ",2009,Davis
515,84037,Kaysville,95,"$253,500 ",2009,Davis
516,84040,Layton,52,"$236,750 ",2009,Davis
517,84041,Layton,122,"$176,000 ",2009,Davis
518,84054,North Salt Lake,47,"$238,205 ",2009,Davis
519,84075,Syracuse,66,"$232,500 ",2009,Davis
520,84087,Woods Cross,37,"$219,900 ",2009,Davis
521,84067,Roy,132,"$161,250 ",2009,Weber
522,84310,Eden,17,"$325,000 ",2009,Weber
523,84315,Hooper,17,"$240,000 ",2009,Weber
524,84317,Huntsville,11,"$295,000 ",2009,Weber
525,84401,Marriott/Slaterville,106,"$128,000 ",2009,Weber
526,84403,South Ogden,98,"$136,125 ",2009,Weber
527,84404,Farr West/Harrisville,180,"$148,501 ",2009,Weber
528,84405,Riverdale/Ogden,72,"$158,850 ",2009,Weber
529,84414,North Ogden,62,"$195,950 ",2009,Weber
530,84022,Dugway,0,,2009,Tooele
531,84029,Grantsville,26,"$219,950 ",2009,Tooele
532,84071,Rush Valley,3,,2009,Tooele
533,84074,Tooele,157,"$170,000 ",2009,Tooele
534,84003,American Fork,110,"$275,000 ",2009,Utah
535,84004,Alpine,16,"$394,950 ",2009,Utah
536,84042,Lindon,15,"$306,000 ",2009,Utah
537,84043,Lehi,196,"$229,900 ",2009,Utah
538,84057,Orem,51,"$192,500 ",2009,Utah
539,84058,Orem,48,"$185,000 ",2009,Utah
540,84062,Pleasant Grove,89,"$220,000 ",2009,Utah
541,84097,Orem,38,"$196,000 ",2009,Utah
542,84601,Provo,48,"$172,225 ",2009,Utah
543,84604,Provo,47,"$268,900 ",2009,Utah
544,84606,Provo,29,"$174,900 ",2009,Utah
545,84626,Elberta,0,,2009,Utah
546,84633,Goshen,0,,2009,Utah
547,84645,Mona,0,,2009,Utah
548,84651,Payson,42,"$185,000 ",2009,Utah
549,84653,Salem,25,"$254,900 ",2009,Utah
550,84655,Santaquin,26,"$180,500 ",2009,Utah
551,84660,Spanish Fork,92,"$180,100 ",2009,Utah
552,84663,Springville,73,"$184,900 ",2009,Utah
553,84664,Mapleton,18,"$304,500 ",2009,Utah
554,84006,Copperton,4,,2010,Salt Lake
555,84009,South Jordan,0,,2010,Salt Lake
556,84020,Draper,111,"$349,900 ",2010,Salt Lake
557,84044,Magna,56,"$131,700 ",2010,Salt Lake
558,84047,Midvale,39,"$171,800 ",2010,Salt Lake
559,84065,Riverton,100,"$259,950 ",2010,Salt Lake
560,84070,Sandy,39,"$175,000 ",2010,Salt Lake
561,84081,West Jordan,60,"$230,510 ",2010,Salt Lake
562,84084,West Jordan,85,"$179,900 ",2010,Salt Lake
563,84088,West Jordan,78,"$198,950 ",2010,Salt Lake
564,84092,Sandy,60,"$308,750 ",2010,Salt Lake
565,84093,Sandy,48,"$290,000 ",2010,Salt Lake
566,84094,Sandy,49,"$200,000 ",2010,Salt Lake
567,84095,South Jordan,127,"$272,000 ",2010,Salt Lake
568,84096,Herriman,93,"$295,000 ",2010,Salt Lake
569,84101,Salt Lake City,0,,2010,Salt Lake
570,84102,Salt Lake City,28,"$217,000 ",2010,Salt Lake
571,84103,Salt Lake City,36,"$424,000 ",2010,Salt Lake
572,84104,Salt Lake City,25,"$104,000 ",2010,Salt Lake
573,84105,Salt Lake City,53,"$263,000 ",2010,Salt Lake
574,84106,Salt Lake City,73,"$222,500 ",2010,Salt Lake
575,84107,Murray,36,"$203,500 ",2010,Salt Lake
576,84108,Salt Lake City,43,"$315,000 ",2010,Salt Lake
577,84109,Salt Lake City,54,"$274,000 ",2010,Salt Lake
578,84111,Salt Lake City,12,"$163,450 ",2010,Salt Lake
579,84115,South Salt Lake,32,"$136,500 ",2010,Salt Lake
580,84116,Salt Lake City,51,"$126,000 ",2010,Salt Lake
581,84117,Holladay,33,"$302,000 ",2010,Salt Lake
582,84118,Kearns,151,"$138,000 ",2010,Salt Lake
583,84119,West Valley City,52,"$148,450 ",2010,Salt Lake
584,84120,West Valley City,77,"$147,000 ",2010,Salt Lake
585,84121,Cottonwood,86,"$245,000 ",2010,Salt Lake
586,84123,Taylorsville,35,"$185,000 ",2010,Salt Lake
587,84124,Holladay,45,"$298,915 ",2010,Salt Lake
588,84128,West Valley,64,"$166,150 ",2010,Salt Lake
589,84129,Taylorsville,0,,2010,Salt Lake
590,84010,Bountiful,67,"$195,000 ",2010,Davis
591,84014,Centerville,17,"$232,435 ",2010,Davis
592,84015,Clearfield,117,"$160,000 ",2010,Davis
593,84025,Farmington,42,"$269,500 ",2010,Davis
594,84037,Kaysville,61,"$263,000 ",2010,Davis
595,84040,Layton,46,"$222,132 ",2010,Davis
596,84041,Layton,83,"$170,000 ",2010,Davis
597,84054,North Salt Lake,29,"$218,500 ",2010,Davis
598,84075,Syracuse,57,"$220,000 ",2010,Davis
599,84087,Woods Cross,35,"$208,450 ",2010,Davis
600,84067,Roy,90,"$145,655 ",2010,Weber
601,84310,Eden,15,"$365,000 ",2010,Weber
602,84315,Hooper,16,"$234,500 ",2010,Weber
603,84317,Huntsville,7,"$334,900 ",2010,Weber
604,84401,Marriott/Slaterville,78,"$131,400 ",2010,Weber
605,84403,South Ogden,64,"$150,000 ",2010,Weber
606,84404,Farr West/Harrisville,128,"$133,225 ",2010,Weber
607,84405,Riverdale/Ogden,42,"$157,950 ",2010,Weber
608,84414,North Ogden,54,"$199,300 ",2010,Weber
609,84022,Dugway,0,,2010,Tooele
610,84029,Grantsville,25,"$190,000 ",2010,Tooele
611,84071,Rush Valley,2,,2010,Tooele
612,84074,Tooele,104,"$160,450 ",2010,Tooele
613,84003,American Fork,86,"$262,500 ",2010,Utah
614,84004,Alpine,20,"$414,000 ",2010,Utah
615,84042,Lindon,15,"$315,000 ",2010,Utah
616,84043,Lehi,144,"$210,000 ",2010,Utah
617,84057,Orem,47,"$162,000 ",2010,Utah
618,84058,Orem,35,"$192,000 ",2010,Utah
619,84062,Pleasant Grove,65,"$230,000 ",2010,Utah
620,84097,Orem,30,"$210,000 ",2010,Utah
621,84601,Provo,40,"$158,992 ",2010,Utah
622,84604,Provo,35,"$236,000 ",2010,Utah
623,84606,Provo,18,"$177,050 ",2010,Utah
624,84626,Elberta,0,,2010,Utah
625,84633,Goshen,0,,2010,Utah
626,84645,Mona,3,,2010,Utah
627,84651,Payson,45,"$164,900 ",2010,Utah
628,84653,Salem,11,"$254,900 ",2010,Utah
629,84655,Santaquin,25,"$172,000 ",2010,Utah
630,84660,Spanish Fork,71,"$166,000 ",2010,Utah
631,84663,Springville,55,"$170,000 ",2010,Utah
632,84664,Mapleton,11,"$285,000 ",2010,Utah
633,84006,Copperton,2,,2011,Salt Lake
634,84009,South Jordan,0,,2011,Salt Lake
635,84020,Draper,113,"$315,000 ",2011,Salt Lake
636,84044,Magna,91,"$105,000 ",2011,Salt Lake
637,84047,Midvale,53,"$157,900 ",2011,Salt Lake
638,84065,Riverton,100,"$255,185 ",2011,Salt Lake
639,84070,Sandy,54,"$166,000 ",2011,Salt Lake
640,84081,West Jordan,75,"$200,000 ",2011,Salt Lake
641,84084,West Jordan,94,"$151,000 ",2011,Salt Lake
642,84088,West Jordan,89,"$185,000 ",2011,Salt Lake
643,84092,Sandy,76,"$301,950 ",2011,Salt Lake
644,84093,Sandy,64,"$274,450 ",2011,Salt Lake
645,84094,Sandy,53,"$200,000 ",2011,Salt Lake
646,84095,South Jordan,172,"$264,000 ",2011,Salt Lake
647,84096,Herriman,126,"$252,386 ",2011,Salt Lake
648,84101,Salt Lake City,2,,2011,Salt Lake
649,84102,Salt Lake City,17,"$285,000 ",2011,Salt Lake
650,84103,Salt Lake City,35,"$342,500 ",2011,Salt Lake
651,84104,Salt Lake City,58,"$83,750 ",2011,Salt Lake
652,84105,Salt Lake City,50,"$230,849 ",2011,Salt Lake
653,84106,Salt Lake City,81,"$205,000 ",2011,Salt Lake
654,84107,Murray,45,"$187,500 ",2011,Salt Lake
655,84108,Salt Lake City,44,"$334,700 ",2011,Salt Lake
656,84109,Salt Lake City,49,"$254,000 ",2011,Salt Lake
657,84111,Salt Lake City,13,"$149,900 ",2011,Salt Lake
658,84115,South Salt Lake,43,"$133,000 ",2011,Salt Lake
659,84116,Salt Lake City,65,"$126,900 ",2011,Salt Lake
660,84117,Holladay,43,"$270,000 ",2011,Salt Lake
661,84118,Kearns,182,"$119,000 ",2011,Salt Lake
662,84119,West Valley City,69,"$123,000 ",2011,Salt Lake
663,84120,West Valley City,96,"$134,000 ",2011,Salt Lake
664,84121,Cottonwood,92,"$287,200 ",2011,Salt Lake
665,84123,Taylorsville,44,"$170,750 ",2011,Salt Lake
666,84124,Holladay,46,"$302,500 ",2011,Salt Lake
667,84128,West Valley,97,"$141,300 ",2011,Salt Lake
668,84129,Taylorsville,0,,2011,Salt Lake
669,84010,Bountiful,89,"$202,000 ",2011,Davis
670,84014,Centerville,28,"$217,775 ",2011,Davis
671,84015,Clearfield,145,"$140,000 ",2011,Davis
672,84025,Farmington,44,"$287,750 ",2011,Davis
673,84037,Kaysville,71,"$235,000 ",2011,Davis
674,84040,Layton,43,"$236,000 ",2011,Davis
675,84041,Layton,115,"$174,900 ",2011,Davis
676,84054,North Salt Lake,38,"$212,450 ",2011,Davis
677,84075,Syracuse,70,"$220,450 ",2011,Davis
678,84087,Woods Cross,42,"$198,150 ",2011,Davis
679,84067,Roy,128,"$135,225 ",2011,Weber
680,84310,Eden,19,"$258,000 ",2011,Weber
681,84315,Hooper,19,"$219,900 ",2011,Weber
682,84317,Huntsville,4,,2011,Weber
683,84401,Marriott/Slaterville,74,"$94,000 ",2011,Weber
684,84403,South Ogden,78,"$134,850 ",2011,Weber
685,84404,Farr West/Harrisville,138,"$124,200 ",2011,Weber
686,84405,Riverdale/Ogden,72,"$140,350 ",2011,Weber
687,84414,North Ogden,65,"$181,000 ",2011,Weber
688,84022,Dugway,0,,2011,Tooele
689,84029,Grantsville,24,"$186,050 ",2011,Tooele
690,84071,Rush Valley,1,,2011,Tooele
691,84074,Tooele,140,"$134,450 ",2011,Tooele
692,84003,American Fork,86,"$247,000 ",2011,Utah
693,84004,Alpine,14,"$367,250 ",2011,Utah
694,84042,Lindon,22,"$230,000 ",2011,Utah
695,84043,Lehi,177,"$219,900 ",2011,Utah
696,84057,Orem,56,"$160,500 ",2011,Utah
697,84058,Orem,39,"$174,900 ",2011,Utah
698,84062,Pleasant Grove,88,"$210,000 ",2011,Utah
699,84097,Orem,46,"$198,450 ",2011,Utah
700,84601,Provo,49,"$136,900 ",2011,Utah
701,84604,Provo,43,"$241,250 ",2011,Utah
702,84606,Provo,32,"$139,749 ",2011,Utah
703,84626,Elberta,0,,2011,Utah
704,84633,Goshen,1,,2011,Utah
705,84645,Mona,3,,2011,Utah
706,84651,Payson,50,"$162,500 ",2011,Utah
707,84653,Salem,18,"$238,750 ",2011,Utah
708,84655,Santaquin,35,"$150,200 ",2011,Utah
709,84660,Spanish Fork,93,"$160,900 ",2011,Utah
710,84663,Springville,76,"$169,950 ",2011,Utah
711,84664,Mapleton,14,"$243,000 ",2011,Utah
712,84006,Copperton,1,,2012,Salt Lake
713,84009,South Jordan,0,,2012,Salt Lake
714,84020,Draper,134,"$355,150 ",2012,Salt Lake
715,84044,Magna,87,"$122,000 ",2012,Salt Lake
716,84047,Midvale,51,"$176,500 ",2012,Salt Lake
717,84065,Riverton,110,"$302,400 ",2012,Salt Lake
718,84070,Sandy,50,"$189,950 ",2012,Salt Lake
719,84081,West Jordan,78,"$218,750 ",2012,Salt Lake
720,84084,West Jordan,113,"$179,340 ",2012,Salt Lake
721,84088,West Jordan,98,"$218,500 ",2012,Salt Lake
722,84092,Sandy,85,"$335,000 ",2012,Salt Lake
723,84093,Sandy,65,"$296,500 ",2012,Salt Lake
724,84094,Sandy,89,"$215,000 ",2012,Salt Lake
725,84095,South Jordan,167,"$310,000 ",2012,Salt Lake
726,84096,Herriman,146,"$272,000 ",2012,Salt Lake
727,84101,Salt Lake City,1,,2012,Salt Lake
728,84102,Salt Lake City,22,"$235,450 ",2012,Salt Lake
729,84103,Salt Lake City,47,"$420,000 ",2012,Salt Lake
730,84104,Salt Lake City,48,"$127,750 ",2012,Salt Lake
731,84105,Salt Lake City,90,"$262,150 ",2012,Salt Lake
732,84106,Salt Lake City,117,"$229,340 ",2012,Salt Lake
733,84107,Murray,54,"$203,500 ",2012,Salt Lake
734,84108,Salt Lake City,48,"$354,500 ",2012,Salt Lake
735,84109,Salt Lake City,71,"$299,000 ",2012,Salt Lake
736,84111,Salt Lake City,16,"$188,500 ",2012,Salt Lake
737,84115,South Salt Lake,55,"$176,500 ",2012,Salt Lake
738,84116,Salt Lake City,62,"$137,500 ",2012,Salt Lake
739,84117,Holladay,44,"$369,000 ",2012,Salt Lake
740,84118,Kearns,192,"$144,900 ",2012,Salt Lake
741,84119,West Valley City,66,"$135,000 ",2012,Salt Lake
742,84120,West Valley City,121,"$150,000 ",2012,Salt Lake
743,84121,Cottonwood,105,"$280,000 ",2012,Salt Lake
744,84123,Taylorsville,41,"$179,900 ",2012,Salt Lake
745,84124,Holladay,61,"$315,000 ",2012,Salt Lake
746,84128,West Valley,93,"$167,500 ",2012,Salt Lake
747,84129,Taylorsville,46,"$170,000 ",2012,Salt Lake
748,84010,Bountiful,95,"$220,000 ",2012,Davis
749,84014,Centerville,24,"$219,900 ",2012,Davis
750,84015,Clearfield,179,"$150,110 ",2012,Davis
751,84025,Farmington,48,"$272,450 ",2012,Davis
752,84037,Kaysville,82,"$222,000 ",2012,Davis
753,84040,Layton,92,"$213,000 ",2012,Davis
754,84041,Layton,122,"$179,442 ",2012,Davis
755,84054,North Salt Lake,48,"$239,000 ",2012,Davis
756,84075,Syracuse,99,"$214,500 ",2012,Davis
757,84087,Woods Cross,40,"$219,186 ",2012,Davis
758,84067,Roy,140,"$154,950 ",2012,Weber
759,84310,Eden,20,"$348,000 ",2012,Weber
760,84315,Hooper,29,"$240,000 ",2012,Weber
761,84317,Huntsville,5,"$135,500 ",2012,Weber
762,84401,Marriott/Slaterville,90,"$146,000 ",2012,Weber
763,84403,South Ogden,100,"$136,700 ",2012,Weber
764,84404,Farr West/Harrisville,170,"$133,375 ",2012,Weber
765,84405,Riverdale/Ogden,76,"$151,750 ",2012,Weber
766,84414,North Ogden,94,"$195,950 ",2012,Weber
767,84022,Dugway,1,,2012,Tooele
768,84029,Grantsville,21,"$176,195 ",2012,Tooele
769,84071,Rush Valley,2,,2012,Tooele
770,84074,Tooele,153,"$153,000 ",2012,Tooele
771,84003,American Fork,94,"$228,326 ",2012,Utah
772,84004,Alpine,18,"$355,000 ",2012,Utah
773,84042,Lindon,18,"$256,050 ",2012,Utah
774,84043,Lehi,167,"$229,000 ",2012,Utah
775,84057,Orem,49,"$172,000 ",2012,Utah
776,84058,Orem,58,"$195,000 ",2012,Utah
777,84062,Pleasant Grove,80,"$224,250 ",2012,Utah
778,84097,Orem,27,"$208,000 ",2012,Utah
779,84601,Provo,55,"$152,000 ",2012,Utah
780,84604,Provo,37,"$230,000 ",2012,Utah
781,84606,Provo,22,"$164,000 ",2012,Utah
782,84626,Elberta,1,,2012,Utah
783,84633,Goshen,1,,2012,Utah
784,84645,Mona,4,,2012,Utah
785,84651,Payson,60,"$178,700 ",2012,Utah
786,84653,Salem,23,"$249,000 ",2012,Utah
787,84655,Santaquin,35,"$169,900 ",2012,Utah
788,84660,Spanish Fork,104,"$168,600 ",2012,Utah
789,84663,Springville,80,"$184,950 ",2012,Utah
790,84664,Mapleton,16,"$278,000 ",2012,Utah
791,84006,Copperton,1,,2013,Salt Lake
792,84009,South Jordan,0,,2013,Salt Lake
793,84020,Draper,119,"$373,450 ",2013,Salt Lake
794,84044,Magna,95,"$139,000 ",2013,Salt Lake
795,84047,Midvale,60,"$191,250 ",2013,Salt Lake
796,84065,Riverton,101,"$325,000 ",2013,Salt Lake
797,84070,Sandy,70,"$258,687 ",2013,Salt Lake
798,84081,West Jordan,103,"$243,000 ",2013,Salt Lake
799,84084,West Jordan,98,"$206,750 ",2013,Salt Lake
800,84088,West Jordan,105,"$227,500 ",2013,Salt Lake
801,84092,Sandy,83,"$368,000 ",2013,Salt Lake
802,84093,Sandy,63,"$347,500 ",2013,Salt Lake
803,84094,Sandy,64,"$224,900 ",2013,Salt Lake
804,84095,South Jordan,192,"$338,825 ",2013,Salt Lake
805,84096,Herriman,129,"$290,000 ",2013,Salt Lake
806,84101,Salt Lake City,3,,2013,Salt Lake
807,84102,Salt Lake City,23,"$264,200 ",2013,Salt Lake
808,84103,Salt Lake City,45,"$487,900 ",2013,Salt Lake
809,84104,Salt Lake City,51,"$134,250 ",2013,Salt Lake
810,84105,Salt Lake City,65,"$296,400 ",2013,Salt Lake
811,84106,Salt Lake City,103,"$248,000 ",2013,Salt Lake
812,84107,Murray,46,"$220,050 ",2013,Salt Lake
813,84108,Salt Lake City,57,"$360,000 ",2013,Salt Lake
814,84109,Salt Lake City,55,"$334,000 ",2013,Salt Lake
815,84111,Salt Lake City,19,"$190,000 ",2013,Salt Lake
816,84115,South Salt Lake,54,"$190,750 ",2013,Salt Lake
817,84116,Salt Lake City,64,"$162,950 ",2013,Salt Lake
818,84117,Holladay,40,"$349,250 ",2013,Salt Lake
819,84118,Kearns,171,"$168,500 ",2013,Salt Lake
820,84119,West Valley City,76,"$156,100 ",2013,Salt Lake
821,84120,West Valley City,93,"$165,000 ",2013,Salt Lake
822,84121,Cottonwood,113,"$278,200 ",2013,Salt Lake
823,84123,Taylorsville,66,"$214,280 ",2013,Salt Lake
824,84124,Holladay,52,"$408,000 ",2013,Salt Lake
825,84128,West Valley,67,"$180,000 ",2013,Salt Lake
826,84129,Taylorsville,58,"$185,000 ",2013,Salt Lake
827,84010,Bountiful,91,"$229,000 ",2013,Davis
828,84014,Centerville,28,"$285,950 ",2013,Davis
829,84015,Clearfield,194,"$159,900 ",2013,Davis
830,84025,Farmington,53,"$299,100 ",2013,Davis
831,84037,Kaysville,90,"$280,000 ",2013,Davis
832,84040,Layton,64,"$234,400 ",2013,Davis
833,84041,Layton,113,"$191,000 ",2013,Davis
834,84054,North Salt Lake,70,"$245,750 ",2013,Davis
835,84075,Syracuse,71,"$249,900 ",2013,Davis
836,84087,Woods Cross,39,"$224,000 ",2013,Davis
837,84067,Roy,131,"$154,250 ",2013,Weber
838,84310,Eden,10,"$292,450 ",2013,Weber
839,84315,Hooper,19,"$259,900 ",2013,Weber
840,84317,Huntsville,5,"$332,000 ",2013,Weber
841,84401,Marriott/Slaterville,84,"$134,950 ",2013,Weber
842,84403,South Ogden,105,"$151,940 ",2013,Weber
843,84404,Farr West/Harrisville,170,"$143,000 ",2013,Weber
844,84405,Riverdale/Ogden,63,"$176,500 ",2013,Weber
845,84414,North Ogden,89,"$215,000 ",2013,Weber
846,84022,Dugway,0,,2013,Tooele
847,84029,Grantsville,30,"$167,750 ",2013,Tooele
848,84071,Rush Valley,2,,2013,Tooele
849,84074,Tooele,166,"$163,500 ",2013,Tooele
850,84003,American Fork,80,"$240,650 ",2013,Utah
851,84004,Alpine,16,"$437,000 ",2013,Utah
852,84042,Lindon,16,"$290,000 ",2013,Utah
853,84043,Lehi,176,"$258,500 ",2013,Utah
854,84057,Orem,54,"$194,949 ",2013,Utah
855,84058,Orem,52,"$205,250 ",2013,Utah
856,84062,Pleasant Grove,79,"$241,000 ",2013,Utah
857,84097,Orem,25,"$220,000 ",2013,Utah
858,84601,Provo,50,"$165,500 ",2013,Utah
859,84604,Provo,34,"$264,250 ",2013,Utah
860,84606,Provo,23,"$200,000 ",2013,Utah
861,84626,Elberta,0,,2013,Utah
862,84633,Goshen,7,"$150,000 ",2013,Utah
863,84645,Mona,2,,2013,Utah
864,84651,Payson,55,"$200,000 ",2013,Utah
865,84653,Salem,19,"$302,000 ",2013,Utah
866,84655,Santaquin,38,"$184,747 ",2013,Utah
867,84660,Spanish Fork,109,"$215,000 ",2013,Utah
868,84663,Springville,79,"$203,900 ",2013,Utah
869,84664,Mapleton,19,"$342,000 ",2013,Utah
870,84006,Copperton,4,,2014,Salt Lake
871,84009,South Jordan,0,,2014,Salt Lake
872,84020,Draper,129,"$412,350 ",2014,Salt Lake
873,84044,Magna,100,"$158,950 ",2014,Salt Lake
874,84047,Midvale,57,"$236,000 ",2014,Salt Lake
875,84065,Riverton,123,"$301,900 ",2014,Salt Lake
876,84070,Sandy,60,"$238,250 ",2014,Salt Lake
877,84081,West Jordan,122,"$250,000 ",2014,Salt Lake
878,84084,West Jordan,96,"$213,900 ",2014,Salt Lake
879,84088,West Jordan,92,"$251,400 ",2014,Salt Lake
880,84092,Sandy,87,"$345,000 ",2014,Salt Lake
881,84093,Sandy,80,"$319,500 ",2014,Salt Lake
882,84094,Sandy,78,"$246,500 ",2014,Salt Lake
883,84095,South Jordan,201,"$364,000 ",2014,Salt Lake
884,84096,Herriman,131,"$315,000 ",2014,Salt Lake
885,84101,Salt Lake City,4,,2014,Salt Lake
886,84102,Salt Lake City,26,"$267,700 ",2014,Salt Lake
887,84103,Salt Lake City,62,"$474,500 ",2014,Salt Lake
888,84104,Salt Lake City,41,"$149,900 ",2014,Salt Lake
889,84105,Salt Lake City,107,"$310,300 ",2014,Salt Lake
890,84106,Salt Lake City,100,"$266,450 ",2014,Salt Lake
891,84107,Murray,51,"$230,000 ",2014,Salt Lake
892,84108,Salt Lake City,38,"$375,000 ",2014,Salt Lake
893,84109,Salt Lake City,66,"$317,500 ",2014,Salt Lake
894,84111,Salt Lake City,23,"$210,000 ",2014,Salt Lake
895,84115,South Salt Lake,48,"$190,000 ",2014,Salt Lake
896,84116,Salt Lake City,57,"$162,000 ",2014,Salt Lake
897,84117,Holladay,44,"$361,000 ",2014,Salt Lake
898,84118,Kearns,161,"$174,000 ",2014,Salt Lake
899,84119,West Valley City,80,"$169,000 ",2014,Salt Lake
900,84120,West Valley City,142,"$186,412 ",2014,Salt Lake
901,84121,Cottonwood,115,"$305,000 ",2014,Salt Lake
902,84123,Taylorsville,56,"$211,500 ",2014,Salt Lake
903,84124,Holladay,68,"$322,450 ",2014,Salt Lake
904,84128,West Valley,76,"$192,750 ",2014,Salt Lake
905,84129,Taylorsville,88,"$200,000 ",2014,Salt Lake
906,84010,Bountiful,106,"$238,200 ",2014,Davis
907,84014,Centerville,21,"$239,500 ",2014,Davis
908,84015,Clearfield,240,"$180,000 ",2014,Davis
909,84025,Farmington,61,"$320,000 ",2014,Davis
910,84037,Kaysville,78,"$267,000 ",2014,Davis
911,84040,Layton,90,"$250,000 ",2014,Davis
912,84041,Layton,152,"$182,500 ",2014,Davis
913,84054,North Salt Lake,48,"$244,920 ",2014,Davis
914,84075,Syracuse,124,"$236,450 ",2014,Davis
915,84087,Woods Cross,39,"$230,000 ",2014,Davis
916,84067,Roy,149,"$159,900 ",2014,Weber
917,84310,Eden,16,"$329,500 ",2014,Weber
918,84315,Hooper,14,"$297,100 ",2014,Weber
919,84317,Huntsville,7,"$300,000 ",2014,Weber
920,84401,Marriott/Slaterville,88,"$151,850 ",2014,Weber
921,84403,South Ogden,97,"$157,900 ",2014,Weber
922,84404,Farr West/Harrisville,175,"$152,500 ",2014,Weber
923,84405,Riverdale/Ogden,74,"$193,750 ",2014,Weber
924,84414,North Ogden,94,"$240,000 ",2014,Weber
925,84022,Dugway,0,,2014,Tooele
926,84029,Grantsville,27,"$214,500 ",2014,Tooele
927,84071,Rush Valley,3,,2014,Tooele
928,84074,Tooele,175,"$173,000 ",2014,Tooele
929,84003,American Fork,113,"$280,000 ",2014,Utah
930,84004,Alpine,24,"$397,500 ",2014,Utah
931,84042,Lindon,17,"$320,000 ",2014,Utah
932,84043,Lehi,229,"$282,098 ",2014,Utah
933,84057,Orem,67,"$200,500 ",2014,Utah
934,84058,Orem,69,"$224,900 ",2014,Utah
935,84062,Pleasant Grove,89,"$255,000 ",2014,Utah
936,84097,Orem,47,"$242,500 ",2014,Utah
937,84601,Provo,49,"$174,300 ",2014,Utah
938,84604,Provo,38,"$291,750 ",2014,Utah
939,84606,Provo,25,"$210,000 ",2014,Utah
940,84626,Elberta,0,,2014,Utah
941,84633,Goshen,3,,2014,Utah
942,84645,Mona,2,,2014,Utah
943,84651,Payson,64,"$202,500 ",2014,Utah
944,84653,Salem,22,"$283,259 ",2014,Utah
945,84655,Santaquin,53,"$202,000 ",2014,Utah
946,84660,Spanish Fork,122,"$200,000 ",2014,Utah
947,84663,Springville,92,"$212,650 ",2014,Utah
948,84664,Mapleton,30,"$355,000 ",2014,Utah
949,84006,Copperton,4,,2015,Salt Lake
950,84009,South Jordan,0,,2015,Salt Lake
951,84020,Draper,141,"$400,000 ",2015,Salt Lake
952,84044,Magna,113,"$179,000 ",2015,Salt Lake
953,84047,Midvale,57,"$229,000 ",2015,Salt Lake
954,84065,Riverton,95,"$327,500 ",2015,Salt Lake
955,84070,Sandy,74,"$240,000 ",2015,Salt Lake
956,84081,West Jordan,101,"$288,230 ",2015,Salt Lake
957,84084,West Jordan,119,"$234,900 ",2015,Salt Lake
958,84088,West Jordan,108,"$257,000 ",2015,Salt Lake
959,84092,Sandy,70,"$378,150 ",2015,Salt Lake
960,84093,Sandy,74,"$337,000 ",2015,Salt Lake
961,84094,Sandy,72,"$259,950 ",2015,Salt Lake
962,84095,South Jordan,155,"$353,484 ",2015,Salt Lake
963,84096,Herriman,185,"$321,456 ",2015,Salt Lake
964,84101,Salt Lake City,2,,2015,Salt Lake
965,84102,Salt Lake City,21,"$326,000 ",2015,Salt Lake
966,84103,Salt Lake City,44,"$424,700 ",2015,Salt Lake
967,84104,Salt Lake City,47,"$150,000 ",2015,Salt Lake
968,84105,Salt Lake City,91,"$344,000 ",2015,Salt Lake
969,84106,Salt Lake City,115,"$278,000 ",2015,Salt Lake
970,84107,Murray,43,"$249,900 ",2015,Salt Lake
971,84108,Salt Lake City,57,"$495,000 ",2015,Salt Lake
972,84109,Salt Lake City,66,"$378,750 ",2015,Salt Lake
973,84111,Salt Lake City,21,"$250,000 ",2015,Salt Lake
974,84115,South Salt Lake,68,"$200,000 ",2015,Salt Lake
975,84116,Salt Lake City,68,"$181,500 ",2015,Salt Lake
976,84117,Holladay,54,"$336,250 ",2015,Salt Lake
977,84118,Kearns,177,"$192,000 ",2015,Salt Lake
978,84119,West Valley City,81,"$182,500 ",2015,Salt Lake
979,84120,West Valley City,144,"$195,000 ",2015,Salt Lake
980,84121,Cottonwood,121,"$330,000 ",2015,Salt Lake
981,84123,Taylorsville,71,"$246,500 ",2015,Salt Lake
982,84124,Holladay,68,"$417,500 ",2015,Salt Lake
983,84128,West Valley,101,"$212,000 ",2015,Salt Lake
984,84129,Taylorsville,71,"$220,500 ",2015,Salt Lake
985,84010,Bountiful,92,"$286,500 ",2015,Davis
986,84014,Centerville,43,"$277,915 ",2015,Davis
987,84015,Clearfield,256,"$195,000 ",2015,Davis
988,84025,Farmington,48,"$336,500 ",2015,Davis
989,84037,Kaysville,97,"$309,900 ",2015,Davis
990,84040,Layton,76,"$277,500 ",2015,Davis
991,84041,Layton,162,"$209,250 ",2015,Davis
992,84054,North Salt Lake,73,"$264,900 ",2015,Davis
993,84075,Syracuse,93,"$264,000 ",2015,Davis
994,84087,Woods Cross,39,"$239,550 ",2015,Davis
995,84067,Roy,133,"$172,000 ",2015,Weber
996,84310,Eden,26,"$417,500 ",2015,Weber
997,84315,Hooper,21,"$295,000 ",2015,Weber
998,84317,Huntsville,13,"$309,200 ",2015,Weber
999,84401,Marriott/Slaterville,132,"$166,000 ",2015,Weber
1000,84403,South Ogden,123,"$170,000 ",2015,Weber
1001,84404,Farr West/Harrisville,197,"$167,900 ",2015,Weber
1002,84405,Riverdale/Ogden,85,"$190,100 ",2015,Weber
1003,84414,North Ogden,98,"$230,000 ",2015,Weber
1004,84022,Dugway,0,,2015,Tooele
1005,84029,Grantsville,33,"$255,000 ",2015,Tooele
1006,84071,Rush Valley,1,,2015,Tooele
1007,84074,Tooele,226,"$193,500 ",2015,Tooele
1008,84003,American Fork,99,"$317,000 ",2015,Utah
1009,84004,Alpine,24,"$565,000 ",2015,Utah
1010,84042,Lindon,14,"$444,750 ",2015,Utah
1011,84043,Lehi,235,"$297,500 ",2015,Utah
1012,84057,Orem,78,"$233,950 ",2015,Utah
1013,84058,Orem,77,"$261,990 ",2015,Utah
1014,84062,Pleasant Grove,82,"$272,360 ",2015,Utah
1015,84097,Orem,41,"$250,000 ",2015,Utah
1016,84601,Provo,47,"$193,900 ",2015,Utah
1017,84604,Provo,37,"$276,000 ",2015,Utah
1018,84606,Provo,24,"$220,000 ",2015,Utah
1019,84626,Elberta,1,,2015,Utah
1020,84633,Goshen,3,,2015,Utah
1021,84645,Mona,3,,2015,Utah
1022,84651,Payson,64,"$233,785 ",2015,Utah
1023,84653,Salem,27,"$305,100 ",2015,Utah
1024,84655,Santaquin,42,"$222,465 ",2015,Utah
1025,84660,Spanish Fork,100,"$232,450 ",2015,Utah
1026,84663,Springville,94,"$223,402 ",2015,Utah
1027,84664,Mapleton,19,"$345,000 ",2015,Utah
1028,84006,Copperton,6,"$194,950 ",2016,Salt Lake
1029,84009,South Jordan,0,,2016,Salt Lake
1030,84020,Draper,142,"$400,950 ",2016,Salt Lake
1031,84044,Magna,107,"$196,000 ",2016,Salt Lake
1032,84047,Midvale,68,"$259,900 ",2016,Salt Lake
1033,84065,Riverton,130,"$359,900 ",2016,Salt Lake
1034,84070,Sandy,60,"$278,700 ",2016,Salt Lake
1035,84081,West Jordan,120,"$298,750 ",2016,Salt Lake
1036,84084,West Jordan,141,"$255,000 ",2016,Salt Lake
1037,84088,West Jordan,124,"$260,750 ",2016,Salt Lake
1038,84092,Sandy,94,"$375,000 ",2016,Salt Lake
1039,84093,Sandy,75,"$397,450 ",2016,Salt Lake
1040,84094,Sandy,84,"$287,950 ",2016,Salt Lake
1041,84095,South Jordan,134,"$399,900 ",2016,Salt Lake
1042,84096,Herriman,167,"$325,149 ",2016,Salt Lake
1043,84101,Salt Lake City,5,"$192,900 ",2016,Salt Lake
1044,84102,Salt Lake City,17,"$423,500 ",2016,Salt Lake
1045,84103,Salt Lake City,51,"$525,000 ",2016,Salt Lake
1046,84104,Salt Lake City,52,"$179,000 ",2016,Salt Lake
1047,84105,Salt Lake City,91,"$366,500 ",2016,Salt Lake
1048,84106,Salt Lake City,129,"$315,000 ",2016,Salt Lake
1049,84107,Murray,57,"$274,500 ",2016,Salt Lake
1050,84108,Salt Lake City,63,"$476,000 ",2016,Salt Lake
1051,84109,Salt Lake City,67,"$398,250 ",2016,Salt Lake
1052,84111,Salt Lake City,17,"$265,500 ",2016,Salt Lake
1053,84115,South Salt Lake,83,"$235,000 ",2016,Salt Lake
1054,84116,Salt Lake City,57,"$215,000 ",2016,Salt Lake
1055,84117,Holladay,48,"$473,237 ",2016,Salt Lake
1056,84118,Kearns,217,"$218,000 ",2016,Salt Lake
1057,84119,West Valley City,108,"$218,500 ",2016,Salt Lake
1058,84120,West Valley City,147,"$217,000 ",2016,Salt Lake
1059,84121,Cottonwood,143,"$365,000 ",2016,Salt Lake
1060,84123,Taylorsville,79,"$265,000 ",2016,Salt Lake
1061,84124,Holladay,64,"$468,450 ",2016,Salt Lake
1062,84128,West Valley,98,"$229,450 ",2016,Salt Lake
1063,84129,Taylorsville,97,"$239,000 ",2016,Salt Lake
1064,84010,Bountiful,107,"$293,500 ",2016,Davis
1065,84014,Centerville,45,"$297,000 ",2016,Davis
1066,84015,Clearfield,280,"$224,900 ",2016,Davis
1067,84025,Farmington,59,"$340,000 ",2016,Davis
1068,84037,Kaysville,100,"$329,650 ",2016,Davis
1069,84040,Layton,78,"$271,500 ",2016,Davis
1070,84041,Layton,170,"$238,000 ",2016,Davis
1071,84054,North Salt Lake,80,"$284,950 ",2016,Davis
1072,84075,Syracuse,148,"$310,950 ",2016,Davis
1073,84087,Woods Cross,49,"$285,000 ",2016,Davis
1074,84067,Roy,200,"$194,750 ",2016,Weber
1075,84310,Eden,20,"$472,450 ",2016,Weber
1076,84315,Hooper,27,"$319,900 ",2016,Weber
1077,84317,Huntsville,12,"$292,000 ",2016,Weber
1078,84401,Marriott/Slaterville,134,"$168,000 ",2016,Weber
1079,84403,South Ogden,128,"$184,000 ",2016,Weber
1080,84404,Farr West/Harrisville,231,"$180,000 ",2016,Weber
1081,84405,Riverdale/Ogden,98,"$194,950 ",2016,Weber
1082,84414,North Ogden,117,"$255,000 ",2016,Weber
1083,84022,Dugway,0,,2016,Tooele
1084,84029,Grantsville,44,"$242,450 ",2016,Tooele
1085,84071,Rush Valley,4,,2016,Tooele
1086,84074,Tooele,263,"$216,000 ",2016,Tooele
1087,84003,American Fork,113,"$326,000 ",2016,Utah
1088,84004,Alpine,22,"$607,500 ",2016,Utah
1089,84042,Lindon,15,"$402,500 ",2016,Utah
1090,84043,Lehi,209,"$309,000 ",2016,Utah
1091,84057,Orem,74,"$255,000 ",2016,Utah
1092,84058,Orem,68,"$259,900 ",2016,Utah
1093,84062,Pleasant Grove,82,"$295,000 ",2016,Utah
1094,84097,Orem,58,"$259,950 ",2016,Utah
1095,84601,Provo,87,"$232,000 ",2016,Utah
1096,84604,Provo,45,"$385,000 ",2016,Utah
1097,84606,Provo,44,"$229,250 ",2016,Utah
1098,84626,Elberta,0,,2016,Utah
1099,84633,Goshen,3,,2016,Utah
1100,84645,Mona,6,"$210,500 ",2016,Utah
1101,84651,Payson,94,"$243,875 ",2016,Utah
1102,84653,Salem,33,"$317,518 ",2016,Utah
1103,84655,Santaquin,49,"$257,100 ",2016,Utah
1104,84660,Spanish Fork,132,"$256,250 ",2016,Utah
1105,84663,Springville,83,"$266,000 ",2016,Utah
1106,84664,Mapleton,23,"$325,300 ",2016,Utah
1107,84006,Copperton,0,,2017,Salt Lake
1108,84009,South Jordan,0,,2017,Salt Lake
1109,84020,Draper,137,"$489,000 ",2017,Salt Lake
1110,84044,Magna,122,"$226,750 ",2017,Salt Lake
1111,84047,Midvale,81,"$285,000 ",2017,Salt Lake
1112,84065,Riverton,150,"$375,455 ",2017,Salt Lake
1113,84070,Sandy,80,"$287,500 ",2017,Salt Lake
1114,84081,West Jordan,199,"$317,500 ",2017,Salt Lake
1115,84084,West Jordan,98,"$290,750 ",2017,Salt Lake
1116,84088,West Jordan,110,"$297,500 ",2017,Salt Lake
1117,84092,Sandy,106,"$435,000 ",2017,Salt Lake
1118,84093,Sandy,84,"$399,500 ",2017,Salt Lake
1119,84094,Sandy,91,"$308,900 ",2017,Salt Lake
1120,84095,South Jordan,146,"$467,000 ",2017,Salt Lake
1121,84096,Herriman,177,"$376,500 ",2017,Salt Lake
1122,84101,Salt Lake City,7,"$405,000 ",2017,Salt Lake
1123,84102,Salt Lake City,29,"$345,000 ",2017,Salt Lake
1124,84103,Salt Lake City,50,"$484,355 ",2017,Salt Lake
1125,84104,Salt Lake City,55,"$212,000 ",2017,Salt Lake
1126,84105,Salt Lake City,82,"$405,000 ",2017,Salt Lake
1127,84106,Salt Lake City,120,"$342,000 ",2017,Salt Lake
1128,84107,Murray,62,"$288,500 ",2017,Salt Lake
1129,84108,Salt Lake City,59,"$530,000 ",2017,Salt Lake
1130,84109,Salt Lake City,83,"$420,000 ",2017,Salt Lake
1131,84111,Salt Lake City,16,"$257,822 ",2017,Salt Lake
1132,84115,South Salt Lake,73,"$258,200 ",2017,Salt Lake
1133,84116,Salt Lake City,69,"$231,500 ",2017,Salt Lake
1134,84117,Holladay,72,"$449,950 ",2017,Salt Lake
1135,84118,Kearns,177,"$232,500 ",2017,Salt Lake
1136,84119,West Valley City,96,"$237,000 ",2017,Salt Lake
1137,84120,West Valley City,113,"$245,000 ",2017,Salt Lake
1138,84121,Cottonwood,144,"$375,000 ",2017,Salt Lake
1139,84123,Taylorsville,60,"$279,750 ",2017,Salt Lake
1140,84124,Holladay,79,"$450,000 ",2017,Salt Lake
1141,84128,West Valley,105,"$259,900 ",2017,Salt Lake
1142,84129,Taylorsville,85,"$268,200 ",2017,Salt Lake
1143,84010,Bountiful,116,"$287,950 ",2017,Davis
1144,84014,Centerville,30,"$314,950 ",2017,Davis
1145,84015,Clearfield,274,"$227,000 ",2017,Davis
1146,84025,Farmington,54,"$378,500 ",2017,Davis
1147,84037,Kaysville,94,"$341,000 ",2017,Davis
1148,84040,Layton,91,"$293,000 ",2017,Davis
1149,84041,Layton,191,"$258,900 ",2017,Davis
1150,84054,North Salt Lake,55,"$324,550 ",2017,Davis
1151,84075,Syracuse,113,"$300,000 ",2017,Davis
1152,84087,Woods Cross,39,"$285,000 ",2017,Davis
1153,84067,Roy,200,"$219,450 ",2017,Weber
1154,84310,Eden,19,"$533,400 ",2017,Weber
1155,84315,Hooper,36,"$332,500 ",2017,Weber
1156,84317,Huntsville,14,"$413,500 ",2017,Weber
1157,84401,Marriott/Slaterville,159,"$208,000 ",2017,Weber
1158,84403,South Ogden,148,"$200,900 ",2017,Weber
1159,84404,Farr West/Harrisville,239,"$211,000 ",2017,Weber
1160,84405,Riverdale/Ogden,91,"$217,500 ",2017,Weber
1161,84414,North Ogden,97,"$292,500 ",2017,Weber
1162,84022,Dugway,1,,2017,Tooele
1163,84029,Grantsville,50,"$274,500 ",2017,Tooele
1164,84071,Rush Valley,15,"$284,900 ",2017,Tooele
1165,84074,Tooele,274,"$239,000 ",2017,Tooele
1166,84003,American Fork,115,"$325,900 ",2017,Utah
1167,84004,Alpine,17,"$630,000 ",2017,Utah
1168,84042,Lindon,24,"$393,000 ",2017,Utah
1169,84043,Lehi,214,"$355,500 ",2017,Utah
1170,84057,Orem,74,"$263,000 ",2017,Utah
1171,84058,Orem,129,"$318,777 ",2017,Utah
1172,84062,Pleasant Grove,108,"$312,000 ",2017,Utah
1173,84097,Orem,41,"$297,000 ",2017,Utah
1174,84601,Provo,75,"$265,000 ",2017,Utah
1175,84604,Provo,51,"$355,400 ",2017,Utah
1176,84606,Provo,35,"$260,000 ",2017,Utah
1177,84626,Elberta,0,,2017,Utah
1178,84633,Goshen,3,,2017,Utah
1179,84645,Mona,1,,2017,Utah
1180,84651,Payson,106,"$286,500 ",2017,Utah
1181,84653,Salem,35,"$365,000 ",2017,Utah
1182,84655,Santaquin,52,"$269,400 ",2017,Utah
1183,84660,Spanish Fork,133,"$272,000 ",2017,Utah
1184,84663,Springville,104,"$269,500 ",2017,Utah
1185,84664,Mapleton,32,"$399,362 ",2017,Utah
1186,84006,Copperton,2,,2018,Salt Lake
1187,84009,South Jordan,0,,2018,Salt Lake
1188,84020,Draper,155,"$530,000 ",2018,Salt Lake
1189,84044,Magna,108,"$249,000 ",2018,Salt Lake
1190,84047,Midvale,74,"$299,500 ",2018,Salt Lake
1191,84065,Riverton,130,"$416,829 ",2018,Salt Lake
1192,84070,Sandy,55,"$318,000 ",2018,Salt Lake
1193,84081,West Jordan,160,"$352,875 ",2018,Salt Lake
1194,84084,West Jordan,92,"$302,644 ",2018,Salt Lake
1195,84088,West Jordan,113,"$318,000 ",2018,Salt Lake
1196,84092,Sandy,91,"$468,000 ",2018,Salt Lake
1197,84093,Sandy,91,"$480,000 ",2018,Salt Lake
1198,84094,Sandy,85,"$335,000 ",2018,Salt Lake
1199,84095,South Jordan,111,"$488,800 ",2018,Salt Lake
1200,84096,Herriman,215,"$420,982 ",2018,Salt Lake
1201,84101,Salt Lake City,4,,2018,Salt Lake
1202,84102,Salt Lake City,20,"$365,000 ",2018,Salt Lake
1203,84103,Salt Lake City,45,"$562,580 ",2018,Salt Lake
1204,84104,Salt Lake City,50,"$231,000 ",2018,Salt Lake
1205,84105,Salt Lake City,68,"$447,450 ",2018,Salt Lake
1206,84106,Salt Lake City,103,"$375,000 ",2018,Salt Lake
1207,84107,Murray,51,"$310,000 ",2018,Salt Lake
1208,84108,Salt Lake City,44,"$521,125 ",2018,Salt Lake
1209,84109,Salt Lake City,66,"$468,950 ",2018,Salt Lake
1210,84111,Salt Lake City,16,"$327,500 ",2018,Salt Lake
1211,84115,South Salt Lake,79,"$297,500 ",2018,Salt Lake
1212,84116,Salt Lake City,68,"$265,000 ",2018,Salt Lake
1213,84117,Holladay,56,"$519,500 ",2018,Salt Lake
1214,84118,Kearns,162,"$258,000 ",2018,Salt Lake
1215,84119,West Valley City,82,"$256,500 ",2018,Salt Lake
1216,84120,West Valley City,132,"$268,500 ",2018,Salt Lake
1217,84121,Cottonwood,127,"$432,000 ",2018,Salt Lake
1218,84123,Taylorsville,73,"$325,000 ",2018,Salt Lake
1219,84124,Holladay,60,"$470,000 ",2018,Salt Lake
1220,84128,West Valley,87,"$285,000 ",2018,Salt Lake
1221,84129,Taylorsville,90,"$293,750 ",2018,Salt Lake
1222,84010,Bountiful,92,"$338,000 ",2018,Davis
1223,84014,Centerville,26,"$394,950 ",2018,Davis
1224,84015,Clearfield,262,"$263,000 ",2018,Davis
1225,84025,Farmington,46,"$399,000 ",2018,Davis
1226,84037,Kaysville,81,"$410,000 ",2018,Davis
1227,84040,Layton,86,"$332,450 ",2018,Davis
1228,84041,Layton,165,"$285,000 ",2018,Davis
1229,84054,North Salt Lake,69,"$359,950 ",2018,Davis
1230,84075,Syracuse,132,"$354,500 ",2018,Davis
1231,84087,Woods Cross,53,"$325,000 ",2018,Davis
1232,84067,Roy,162,"$240,000 ",2018,Weber
1233,84310,Eden,18,"$529,000 ",2018,Weber
1234,84315,Hooper,43,"$370,000 ",2018,Weber
1235,84317,Huntsville,9,"$480,000 ",2018,Weber
1236,84401,Marriott/Slaterville,147,"$242,400 ",2018,Weber
1237,84403,South Ogden,154,"$245,000 ",2018,Weber
1238,84404,Farr West/Harrisville,242,"$228,000 ",2018,Weber
1239,84405,Riverdale/Ogden,98,"$258,000 ",2018,Weber
1240,84414,North Ogden,108,"$314,500 ",2018,Weber
1241,84022,Dugway,1,,2018,Tooele
1242,84029,Grantsville,44,"$311,700 ",2018,Tooele
1243,84071,Rush Valley,13,"$334,247 ",2018,Tooele
1244,84074,Tooele,235,"$261,600 ",2018,Tooele
1245,84003,American Fork,107,"$359,900 ",2018,Utah
1246,84004,Alpine,24,"$577,500 ",2018,Utah
1247,84042,Lindon,16,"$385,700 ",2018,Utah
1248,84043,Lehi,229,"$370,000 ",2018,Utah
1249,84057,Orem,60,"$288,500 ",2018,Utah
1250,84058,Orem,74,"$363,500 ",2018,Utah
1251,84062,Pleasant Grove,101,"$340,000 ",2018,Utah
1252,84097,Orem,38,"$324,000 ",2018,Utah
1253,84601,Provo,86,"$285,000 ",2018,Utah
1254,84604,Provo,49,"$360,000 ",2018,Utah
1255,84606,Provo,29,"$256,000 ",2018,Utah
1256,84626,Elberta,0,,2018,Utah
1257,84633,Goshen,5,"$180,000 ",2018,Utah
1258,84645,Mona,4,,2018,Utah
1259,84651,Payson,69,"$298,000 ",2018,Utah
1260,84653,Salem,29,"$365,050 ",2018,Utah
1261,84655,Santaquin,43,"$298,000 ",2018,Utah
1262,84660,Spanish Fork,135,"$317,688 ",2018,Utah
1263,84663,Springville,102,"$300,000 ",2018,Utah
1264,84664,Mapleton,47,"$491,406 ",2018,Utah
1265,84006,Copperton,4,,2019,Salt Lake
1266,84009,South Jordan,0,,2019,Salt Lake
1267,84020,Draper,149,"$570,000 ",2019,Salt Lake
1268,84044,Magna,122,"$272,500 ",2019,Salt Lake
1269,84047,Midvale,66,"$314,950 ",2019,Salt Lake
1270,84065,Riverton,129,"$406,000 ",2019,Salt Lake
1271,84070,Sandy,60,"$364,950 ",2019,Salt Lake
1272,84081,West Jordan,193,"$370,000 ",2019,Salt Lake
1273,84084,West Jordan,92,"$325,000 ",2019,Salt Lake
1274,84088,West Jordan,98,"$349,050 ",2019,Salt Lake
1275,84092,Sandy,95,"$518,500 ",2019,Salt Lake
1276,84093,Sandy,84,"$533,500 ",2019,Salt Lake
1277,84094,Sandy,75,"$357,000 ",2019,Salt Lake
1278,84095,South Jordan,93,"$510,000 ",2019,Salt Lake
1279,84096,Herriman,255,"$430,000 ",2019,Salt Lake
1280,84101,Salt Lake City,4,,2019,Salt Lake
1281,84102,Salt Lake City,28,"$421,000 ",2019,Salt Lake
1282,84103,Salt Lake City,48,"$644,000 ",2019,Salt Lake
1283,84104,Salt Lake City,50,"$263,000 ",2019,Salt Lake
1284,84105,Salt Lake City,82,"$497,430 ",2019,Salt Lake
1285,84106,Salt Lake City,108,"$395,500 ",2019,Salt Lake
1286,84107,Murray,67,"$339,000 ",2019,Salt Lake
1287,84108,Salt Lake City,64,"$646,500 ",2019,Salt Lake
1288,84109,Salt Lake City,65,"$472,100 ",2019,Salt Lake
1289,84111,Salt Lake City,16,"$337,500 ",2019,Salt Lake
1290,84115,South Salt Lake,58,"$324,950 ",2019,Salt Lake
1291,84116,Salt Lake City,79,"$292,000 ",2019,Salt Lake
1292,84117,Holladay,45,"$478,000 ",2019,Salt Lake
1293,84118,Kearns,184,"$276,750 ",2019,Salt Lake
1294,84119,West Valley City,78,"$285,250 ",2019,Salt Lake
1295,84120,West Valley City,134,"$299,950 ",2019,Salt Lake
1296,84121,Cottonwood,119,"$460,400 ",2019,Salt Lake
1297,84123,Taylorsville,71,"$375,000 ",2019,Salt Lake
1298,84124,Holladay,66,"$528,500 ",2019,Salt Lake
1299,84128,West Valley,102,"$316,500 ",2019,Salt Lake
1300,84129,Taylorsville,82,"$315,500 ",2019,Salt Lake
1301,84010,Bountiful,108,"$370,000 ",2019,Davis
1302,84014,Centerville,25,"$380,000 ",2019,Davis
1303,84015,Clearfield,265,"$279,900 ",2019,Davis
1304,84025,Farmington,55,"$455,000 ",2019,Davis
1305,84037,Kaysville,100,"$407,500 ",2019,Davis
1306,84040,Layton,96,"$376,750 ",2019,Davis
1307,84041,Layton,155,"$304,151 ",2019,Davis
1308,84054,North Salt Lake,66,"$381,500 ",2019,Davis
1309,84075,Syracuse,145,"$364,000 ",2019,Davis
1310,84087,Woods Cross,48,"$345,000 ",2019,Davis
1311,84067,Roy,176,"$260,000 ",2019,Weber
1312,84310,Eden,27,"$578,000 ",2019,Weber
1313,84315,Hooper,32,"$390,750 ",2019,Weber
1314,84317,Huntsville,7,"$475,000 ",2019,Weber
1315,84401,Marriott/Slaterville,162,"$277,000 ",2019,Weber
1316,84403,South Ogden,146,"$237,250 ",2019,Weber
1317,84404,Farr West/Harrisville,251,"$252,500 ",2019,Weber
1318,84405,Riverdale/Ogden,107,"$300,000 ",2019,Weber
1319,84414,North Ogden,114,"$343,450 ",2019,Weber
1320,84022,Dugway,0,,2019,Tooele
1321,84029,Grantsville,45,"$345,000 ",2019,Tooele
1322,84071,Rush Valley,5,"$412,500 ",2019,Tooele
1323,84074,Tooele,275,"$290,500 ",2019,Tooele
1324,84003,American Fork,116,"$420,250 ",2019,Utah
1325,84004,Alpine,16,"$752,500 ",2019,Utah
1326,84042,Lindon,24,"$407,000 ",2019,Utah
1327,84043,Lehi,271,"$403,000 ",2019,Utah
1328,84057,Orem,73,"$312,000 ",2019,Utah
1329,84058,Orem,76,"$347,750 ",2019,Utah
1330,84062,Pleasant Grove,111,"$385,000 ",2019,Utah
1331,84097,Orem,42,"$330,000 ",2019,Utah
1332,84601,Provo,71,"$288,000 ",2019,Utah
1333,84604,Provo,44,"$415,500 ",2019,Utah
1334,84606,Provo,46,"$286,250 ",2019,Utah
1335,84626,Elberta,0,,2019,Utah
1336,84633,Goshen,3,,2019,Utah
1337,84645,Mona,4,,2019,Utah
1338,84651,Payson,91,"$340,000 ",2019,Utah
1339,84653,Salem,37,"$434,900 ",2019,Utah
1340,84655,Santaquin,47,"$327,000 ",2019,Utah
1341,84660,Spanish Fork,155,"$325,000 ",2019,Utah
1342,84663,Springville,104,"$328,995 ",2019,Utah
1343,84664,Mapleton,35,"$495,100 ",2019,Utah
1344,84006,Copperton,4,,2020,Salt Lake
1345,84009,South Jordan,183,"$487,000 ",2020,Salt Lake
1346,84020,Draper,186,"$642,995 ",2020,Salt Lake
1347,84044,Magna,136,"$322,000 ",2020,Salt Lake
1348,84047,Midvale,81,"$396,000 ",2020,Salt Lake
1349,84065,Riverton,127,"$560,000 ",2020,Salt Lake
1350,84070,Sandy,90,"$392,000 ",2020,Salt Lake
1351,84081,West Jordan,166,"$425,000 ",2020,Salt Lake
1352,84084,West Jordan,100,"$385,000 ",2020,Salt Lake
1353,84088,West Jordan,142,"$408,675 ",2020,Salt Lake
1354,84092,Sandy,130,"$640,000 ",2020,Salt Lake
1355,84093,Sandy,77,"$610,000 ",2020,Salt Lake
1356,84094,Sandy,85,"$425,000 ",2020,Salt Lake
1357,84095,South Jordan,110,"$600,000 ",2020,Salt Lake
1358,84096,Herriman,202,"$511,750 ",2020,Salt Lake
1359,84101,Salt Lake City,4,,2020,Salt Lake
1360,84102,Salt Lake City,31,"$495,000 ",2020,Salt Lake
1361,84103,Salt Lake City,53,"$806,500 ",2020,Salt Lake
1362,84104,Salt Lake City,52,"$305,000 ",2020,Salt Lake
1363,84105,Salt Lake City,89,"$581,000 ",2020,Salt Lake
1364,84106,Salt Lake City,121,"$480,000 ",2020,Salt Lake
1365,84107,Murray,79,"$440,000 ",2020,Salt Lake
1366,84108,Salt Lake City,72,"$724,950 ",2020,Salt Lake
1367,84109,Salt Lake City,80,"$605,500 ",2020,Salt Lake
1368,84111,Salt Lake City,28,"$416,250 ",2020,Salt Lake
1369,84115,South Salt Lake,91,"$381,000 ",2020,Salt Lake
1370,84116,Salt Lake City,86,"$345,000 ",2020,Salt Lake
1371,84117,Holladay,74,"$641,500 ",2020,Salt Lake
1372,84118,Kearns,189,"$319,900 ",2020,Salt Lake
1373,84119,West Valley City,124,"$317,000 ",2020,Salt Lake
1374,84120,West Valley City,146,"$340,000 ",2020,Salt Lake
1375,84121,Cottonwood,148,"$549,950 ",2020,Salt Lake
1376,84123,Taylorsville,93,"$405,000 ",2020,Salt Lake
1377,84124,Holladay,84,"$625,000 ",2020,Salt Lake
1378,84128,West Valley,100,"$356,000 ",2020,Salt Lake
1379,84129,Taylorsville,146,"$355,750 ",2020,Salt Lake
1380,84010,Bountiful,136,"$420,500 ",2020,Davis
1381,84014,Centerville,30,"$457,950 ",2020,Davis
1382,84015,Clearfield,248,"$331,000 ",2020,Davis
1383,84025,Farmington,63,"$529,000 ",2020,Davis
1384,84037,Kaysville,115,"$485,000 ",2020,Davis
1385,84040,Layton,104,"$429,500 ",2020,Davis
1386,84041,Layton,164,"$340,000 ",2020,Davis
1387,84054,North Salt Lake,71,"$449,000 ",2020,Davis
1388,84075,Syracuse,126,"$410,000 ",2020,Davis
1389,84087,Woods Cross,62,"$400,000 ",2020,Davis
1390,84067,Roy,210,"$325,000 ",2020,Weber
1391,84310,Eden,40,"$716,310 ",2020,Weber
1392,84315,Hooper,35,"$435,000 ",2020,Weber
1393,84317,Huntsville,19,"$535,000 ",2020,Weber
1394,84401,Marriott/Slaterville,156,"$313,000 ",2020,Weber
1395,84403,South Ogden,140,"$315,000 ",2020,Weber
1396,84404,Farr West/Harrisville,237,"$300,000 ",2020,Weber
1397,84405,Riverdale/Ogden,112,"$330,000 ",2020,Weber
1398,84414,North Ogden,116,"$379,750 ",2020,Weber
1399,84022,Dugway,0,,2020,Tooele
1400,84029,Grantsville,57,"$382,141 ",2020,Tooele
1401,84071,Rush Valley,12,"$439,762 ",2020,Tooele
1402,84074,Tooele,299,"$332,800 ",2020,Tooele
1403,84003,American Fork,152,"$454,000 ",2020,Utah
1404,84004,Alpine,21,"$779,000 ",2020,Utah
1405,84042,Lindon,36,"$511,750 ",2020,Utah
1406,84043,Lehi,294,"$452,000 ",2020,Utah
1407,84057,Orem,74,"$355,000 ",2020,Utah
1408,84058,Orem,78,"$383,645 ",2020,Utah
1409,84062,Pleasant Grove,141,"$455,000 ",2020,Utah
1410,84097,Orem,45,"$415,000 ",2020,Utah
1411,84601,Provo,80,"$348,500 ",2020,Utah
1412,84604,Provo,85,"$529,900 ",2020,Utah
1413,84606,Provo,38,"$365,000 ",2020,Utah
1414,84626,Elberta,0,,2020,Utah
1415,84633,Goshen,8,"$333,000 ",2020,Utah
1416,84645,Mona,1,,2020,Utah
1417,84651,Payson,79,"$393,500 ",2020,Utah
1418,84653,Salem,30,"$520,000 ",2020,Utah
1419,84655,Santaquin,61,"$360,000 ",2020,Utah
1420,84660,Spanish Fork,160,"$385,000 ",2020,Utah
1421,84663,Springville,134,"$366,950 ",2020,Utah
1422,84664,Mapleton,58,"$549,195 ",2020,Utah
1423,99999,US Median,,"$198,800 ",2003,US
1424,99999,US Median,,"$228,800 ",2004,US
1425,99999,US Median,,"$243,600 ",2005,US
1426,99999,US Median,,"$245,400 ",2006,US
1427,99999,US Median,,"$238,400 ",2007,US
1428,99999,US Median,,"$222,500 ",2008,US
1429,99999,US Median,,"$219,000 ",2009,US
1430,99999,US Median,,"$224,300 ",2010,US
1431,99999,US Median,,"$221,100 ",2011,US
1432,99999,US Median,,"$251,700 ",2012,US
1433,99999,US Median,,"$273,600 ",2013,US
1434,99999,US Median,,"$298,900 ",2014,US
1435,99999,US Median,,"$302,500 ",2015,US
1436,99999,US Median,,"$310,900 ",2016,US
1437,99999,US Median,,"$337,900 ",2017,US
1438,99999,US Median,,"$322,800 ",2018,US
1439,99999,US Median,,"$327,100 ",2019,US
1440,99999,US Median,,"$346,800 ",2020,US
